Metal,Certification,Seller Notes,Main Stone,Gender,Brand,Length (inches),Image,Theme,Metal Purity,Price,Style,Base Metal,Modified Item,Country of Origin,Name,Type,Description,Closure,Color,Occasion,Chain Style,Features,Secondary Stone,Chain Type,Material,Country/Region of Manufacture,Condition
Sterling Silver,,“Brand New”,No Stone,,OLIVER NAVY,"16"", 18"", 20"", 22"", 24"", 26"", 28"" 30""",https://i.ebayimg.com/images/g/ECoAAeSwfxxobTlD/s-l300.webp,,925,$44.99 to $549.99,"Chain, Choker, Collar, Layered",Sterling Silver,No,Italy,925 Sterling Silver Italian DIAMOND CUT ROPE CHAIN Necklace All Sizes - UNISEX,Necklace,"Beautiful 925 Sterling Silver Rope Chain 

Diamond-Cut 

Please Choose From The Following Sizes:
3.00mm
4.00mm
4.50mm
5.00mm
6.50mm
8.00mm
9.00mm
11.50mm
12.50mm

**HOLLOW CHAIN** For Fraction Of The Price - Very Sturdy & Thick Looking

Solid 925 Sterling Silver Rope Chain Necklace. Anti tarnish so the color will not fade! This stunning necklace is perfect to add to your jewelry collection and makes an amazing gift for boyfriend, husband or dad. Heavy duty with lobster lock for a very secure chain necklace. Add your favorite charm or wear alone. 


SPECIFICATIONS : 
• .925 Sterling Silver Solid Rope Chain
• Available In All Sizes
• Diamond-Cut
• Anti-Tarnish - Color Will Not Fade
• Genuine 925 Sterling Silver, not plated or filled- Guaranteed
• Nice On Men's & Ladies
• Lobster Lock, very secure and will hold it tight

Estimated Weights:
3mm 7 To 11 Grams
4mm 11 To 17 Grams
4.5mm 13 To 21 Grams  
5mm 17 To 29 Grams
6.5mm 28 To 45 Grams
8mm  45 To 73 Grams
9mm 61 To 89 Grams
11.50mm 101 To 117 Grams
12.50mm 118 To 136 Grams


Arrives in a Velvet Gift Pouch and includes FREE SHIPPING to the USA",Lobster,Silver,"Anniversary, Birthday, Christmas, Confirmation/Communion, Engagement, Father's Day, Graduation, Mother's Day, Valentine's Day, Wedding",Rope,"Nickel-Free, Stackable",No Stone,Rope,,Italy,New without tags
Sterling Silver,Certified 925 Sterling Silver,,No Stone,Male Female Unisex,Unbranded,,https://i.ebayimg.com/images/g/O7IAAOSwX~pmEfYB/s-l300.webp,Rope Chain Necklace,925,$172.99 to $272.99,Chain,Sterling Silver,No,Italy,Solid 925 Sterling Silver Italian Rope Chain Mens Necklace 8mm Diamond Cut,Necklace,"Beautiful 925 Sterling Silver Rope Chain

8mm

**HOLLOW CHAIN**, For Fraction Of The Price - Very Sturdy & Thick Looking

Solid 925 Sterling Silver Rope Chain Necklace. Plated with anti tarnish so the color will not fade! This stunning necklace is perfect to add to your jewelry collection and makes an amazing gift for boyfriend, husband or dad. Heavy duty with lobster lock for a very secure chain necklace. Add your favorite charm or wear alone.


SPECIFICATIONS :
• .925 Sterling Silver Solid Rope Chain
• Available In All Sizes
• Diamond-Cut
• Anti-Tarnish - Color Will Not Fade
• Genuine 925 Sterling Silver, not plated or filled- Guaranteed
• Nice On Men's & Ladies
• Lobster Lock, very secure and will hold it tight

Estimated Weights:
18'' 45 Grams
20'' 50 Grams
22'' 55 Grams
24'' 60 Grams
26'' 64 Grams
30'' 73 Grams

Arrives in a Velvet Gift Pouch and includes FREE SHIPPING to the USA",Lobster,Silver,"Anniversary, Birthday, Christening, Christmas, Confirmation/Communion, Engagement, Graduation",Rope Chain Necklace,"Nickel-Free, Reversible, Stackable, Diamond-Cut, Lobster Clasp",,Rope,925 Sterling Silver,Italy,"New with tags: A brand-new, unused, and unworn item (including handmade items) in the original ..."
